millis,iso_time,sequence,f1,f2,f3,f4,f5,f6,f7,f8,f9,f10,f11,f12,f13,f14,f15,f16,f17,f18,f19,f20,f21,f22,f23,f24
10354,2026-07-28 14:44:36,110,20.000,29.175,29.900,991.467,182.960,29.394,1200.000,0.120,20.000,29.175,29.900,991.467,182.960,29.394,1200.000,29754164.000,0.318,,,26.750,2.042,9.838,0.000,0.000
20555,2026-07-28 14:45:02,111,20.000,29.175,29.930,991.497,182.649,29.372,1000.000,0.100,20.000,29.175,29.930,991.497,182.649,29.372,1000.000,29754164.000,0.319,,,26.750,2.045,9.829,0.000,0.000
30756,2026-07-28 14:45:12,112,20.000,29.175,29.980,991.489,182.775,29.199,1100.000,0.110,20.000,29.175,29.980,991.489,182.775,29.199,1100.000,29754164.000,0.320,,,26.750,2.041,9.823,0.000,0.000
40957,2026-07-28 14:45:22,113,20.000,29.175,29.990,991.504,182.646,29.095,1100.000,0.110,20.000,29.175,29.990,991.504,182.646,29.095,1100.000,29754164.000,0.318,,,26.750,2.033,9.829,0.000,0.000
51212,2026-07-28 14:45:33,114,20.000,29.175,30.010,991.528,182.445,29.072,1100.000,0.110,20.000,29.175,30.010,991.528,182.445,29.072,1100.000,29754164.000,0.322,,,26.750,2.030,9.823,0.000,0.000
61363,2026-07-28 14:45:43,115,20.000,29.175,30.000,991.486,182.800,29.377,1100.000,0.110,20.000,29.175,30.000,991.486,182.800,29.377,1100.000,29754164.000,0.321,,,27.000,2.029,9.818,0.000,0.000
71564,2026-07-28 14:45:53,116,20.000,29.175,30.040,991.501,182.671,29.297,1000.000,0.100,20.000,29.175,30.040,991.501,182.671,29.297,1000.000,29754164.000,0.324,,,27.000,2.022,9.817,0.000,0.000
81765,2026-07-28 14:46:03,117,20.000,29.175,30.020,991.527,182.448,29.413,1100.000,0.110,20.000,29.175,30.020,991.527,182.448,29.413,1100.000,29754166.000,0.322,,,26.750,2.028,9.807,0.000,0.000
91966,2026-07-28 14:46:13,118,20.000,29.175,30.030,991.509,182.604,29.495,1100.000,0.110,20.000,29.175,30.030,991.509,182.604,29.495,1100.000,29754166.000,0.321,,,26.750,2.022,9.816,0.000,0.000
102221,2026-07-28 14:46:24,119,20.000,29.175,30.040,991.497,182.703,29.660,1100.000,0.110,20.000,29.175,30.040,991.497,182.703,29.660,1100.000,29754166.000,0.323,,,27.000,2.016,9.815,0.000,0.000
7169,2026-07-28 14:46:29,121,20.000,29.175,30.050,991.476,182.884,29.591,1200.000,0.120,20.000,29.175,30.050,991.476,182.884,29.591,1200.000,29754166.000,0.323,,,27.000,2.015,9.813,0.000,0.000
15925,2026-07-28 14:46:38,122,20.000,29.175,30.060,991.522,182.488,29.649,1200.000,0.120,20.000,29.175,30.060,991.522,182.488,29.649,1200.000,29754166.000,0.319,,,27.000,2.016,9.812,0.000,0.000
26097,2026-07-28 14:47:04,123,20.000,29.282,30.050,991.504,182.642,29.485,1200.000,0.120,20.000,29.282,30.050,991.504,182.642,29.485,1200.000,29754168.000,0.320,,,27.000,2.014,9.806,0.000,0.000
36352,2026-07-28 14:47:15,124,20.000,29.175,30.050,991.503,182.657,29.485,1200.000,0.120,20.000,29.175,30.050,991.503,182.657,29.485,1200.000,29754168.000,0.318,,,26.750,2.017,9.800,0.000,0.000
46503,2026-07-28 14:47:25,125,20.000,29.175,30.070,991.483,182.818,29.463,1200.000,0.120,20.000,29.175,30.070,991.483,182.818,29.463,1200.000,29754168.000,0.322,,,27.000,2.012,9.796,0.000,0.000
56704,2026-07-28 14:47:35,126,20.000,29.175,30.060,991.499,182.686,29.427,1200.000,0.120,20.000,29.175,30.060,991.499,182.686,29.427,1200.000,29754168.000,0.322,,,27.000,2.003,9.806,0.000,0.000
66905,2026-07-28 14:47:45,127,20.000,29.175,30.080,991.483,182.824,29.476,1200.000,0.120,20.000,29.175,30.080,991.483,182.824,29.476,1200.000,29754168.000,0.321,,,27.000,2.009,9.797,0.000,0.000
77104,2026-07-28 14:47:55,128,20.000,29.282,30.040,991.468,182.945,29.274,1200.000,0.120,20.000,29.282,30.040,991.468,182.945,29.274,1200.000,29754168.000,0.322,,,26.750,2.009,9.790,0.000,0.000
87360,2026-07-28 14:48:06,129,20.000,29.175,30.060,991.467,182.956,29.404,1200.000,0.120,20.000,29.175,30.060,991.467,182.956,29.404,1200.000,29754168.000,0.321,,,27.000,2.004,9.796,0.000,0.000
97512,2026-07-28 14:48:16,130,20.000,29.282,30.070,991.495,182.725,29.299,1200.000,0.120,20.000,29.282,30.070,991.495,182.725,29.299,1200.000,29754168.000,0.320,,,27.000,2.010,9.786,0.000,0.000
107713,2026-07-28 14:48:26,131,20.000,29.282,30.080,991.464,182.985,29.147,1200.000,0.120,20.000,29.282,30.080,991.464,182.985,29.147,1200.000,29754168.000,0.321,,,27.000,2.014,9.779,0.000,0.000
117914,2026-07-28 14:48:36,132,20.000,29.175,30.060,991.448,183.116,29.052,1200.000,0.120,20.000,29.175,30.060,991.448,183.116,29.052,1200.000,29754168.000,0.323,,,27.000,2.011,9.773,0.000,0.000
128115,2026-07-28 14:48:46,133,20.000,29.175,30.100,991.455,183.061,29.758,1300.000,0.130,20.000,29.175,30.100,991.455,183.061,29.758,1300.000,29754168.000,0.324,,,27.000,2.008,9.775,0.000,0.000
138371,2026-07-28 14:48:57,134,20.000,29.282,30.130,991.484,182.814,29.549,1400.000,0.140,20.000,29.282,30.130,991.484,182.814,29.549,1400.000,29754168.000,0.321,,,26.750,2.001,9.789,0.000,0.000
148522,2026-07-28 14:49:07,135,20.000,29.282,30.150,991.514,182.557,29.808,1400.000,0.140,20.000,29.282,30.150,991.514,182.557,29.808,1400.000,29754168.000,0.318,,,27.000,2.002,9.797,0.000,0.000
158721,2026-07-28 14:49:17,136,20.000,29.282,30.200,991.504,182.645,29.507,1500.000,0.150,20.000,29.282,30.200,991.504,182.645,29.507,1500.000,29754168.000,0.319,,,26.750,2.000,9.806,0.000,0.000
168922,2026-07-28 14:49:27,137,20.000,29.282,30.200,991.490,182.764,29.472,1500.000,0.150,20.000,29.282,30.200,991.490,182.764,29.472,1500.000,29754168.000,0.316,,,27.000,1.996,9.813,0.000,0.000
179123,2026-07-28 14:49:37,138,20.000,29.282,30.190,991.493,182.740,29.401,1400.000,0.140,20.000,29.282,30.190,991.493,182.740,29.401,1400.000,29754168.000,0.314,,,27.000,1.988,9.819,0.000,0.000
189378,2026-07-28 14:49:48,139,20.000,29.282,30.190,991.514,182.561,29.495,1400.000,0.140,20.000,29.282,30.190,991.514,182.561,29.495,1400.000,29754168.000,0.312,,,27.000,1.988,9.818,0.000,0.000
199529,2026-07-28 14:49:58,140,20.000,29.282,30.220,991.480,182.850,29.228,1400.000,0.140,20.000,29.282,30.220,991.480,182.850,29.228,1400.000,29754168.000,0.313,,,27.000,1.990,9.814,0.000,0.000
209730,2026-07-28 14:50:08,141,20.000,29.282,30.220,991.481,182.836,29.110,1300.000,0.130,20.000,29.282,30.220,991.481,182.836,29.110,1300.000,29754170.000,0.313,,,27.000,1.990,9.809,0.000,0.000
219931,2026-07-28 14:50:18,142,20.000,29.282,30.230,991.467,182.962,28.993,1200.000,0.120,20.000,29.282,30.230,991.467,182.962,28.993,1200.000,29754170.000,0.312,,,27.000,1.993,9.799,0.000,0.000
230132,2026-07-28 14:50:28,143,20.000,29.282,30.270,991.510,182.589,28.901,1200.000,0.120,20.000,29.282,30.270,991.510,182.589,28.901,1200.000,29754170.000,0.312,,,26.750,1.992,9.798,0.000,0.000
240387,2026-07-28 14:50:39,144,20.000,29.282,30.260,991.491,182.750,28.854,1200.000,0.120,20.000,29.282,30.260,991.491,182.750,28.854,1200.000,29754170.000,0.311,,,26.750,1.993,9.791,0.000,0.000
250538,2026-07-28 14:50:49,145,20.000,29.282,30.220,991.490,182.850,28.794,1100.000,0.110,20.000,29.282,30.220,991.490,182.850,28.794,1100.000,29754170.000,0.310,,,27.000,1.990,9.790,0.000,0.000
260739,2026-07-28 14:50:59,146,20.000,29.282,30.210,991.486,182.796,28.664,1100.000,0.110,20.000,29.282,30.210,991.486,182.796,28.664,1100.000,29754170.000,0.310,,,27.000,1.980,9.792,0.000,0.000
270940,2026-07-28 14:51:09,147,20.000,29.282,30.210,991.495,182.722,28.805,1100.000,0.110,20.000,29.282,30.210,991.495,182.722,28.805,1100.000,29754172.000,0.314,,,26.750,1.973,9.790,0.000,0.000
281139,2026-07-28 14:51:19,148,20.000,29.388,30.180,991.463,182.992,28.768,1100.000,0.110,20.000,29.388,30.180,991.463,182.992,28.768,1100.000,29754172.000,0.317,,,26.750,1.969,9.779,0.000,0.000
291441,2026-07-28 14:51:30,149,20.000,29.388,30.190,991.494,182.733,28.687,1100.000,0.110,20.000,29.388,30.190,991.494,182.733,28.687,1100.000,29754172.000,0.319,,,26.750,1.971,9.765,0.000,0.000
301693,2026-07-28 14:51:40,150,20.000,29.388,30.180,991.485,182.809,28.674,1100.000,0.110,20.000,29.388,30.180,991.485,182.809,28.674,1100.000,29754172.000,0.321,,,26.750,1.973,9.751,0.000,0.000
311850,2026-07-28 14:51:50,151,20.000,29.388,30.160,991.493,182.735,28.730,1100.000,0.110,20.000,29.388,30.160,991.493,182.735,28.730,1100.000,29754172.000,0.321,,,26.750,1.966,9.751,0.000,0.000
322051,2026-07-28 14:52:00,152,20.000,29.388,30.140,991.488,182.778,28.906,1100.000,0.110,20.000,29.388,30.140,991.488,182.778,28.906,1100.000,29754172.000,0.321,,,26.750,1.961,9.746,0.000,0.000
332252,2026-07-28 14:52:11,153,20.000,29.388,30.120,991.496,182.708,28.904,1100.000,0.110,20.000,29.388,30.120,991.496,182.708,28.904,1100.000,29754172.000,0.323,,,26.750,1.969,9.735,0.000,0.000
342453,2026-07-28 14:52:21,154,20.000,29.388,30.150,991.514,182.561,28.918,1100.000,0.110,20.000,29.388,30.150,991.514,182.561,28.918,1100.000,29754172.000,0.319,,,26.750,1.975,9.726,0.000,0.000
352654,2026-07-28 14:52:31,155,20.000,29.388,30.120,991.519,182.514,28.834,1100.000,0.110,20.000,29.388,30.120,991.519,182.514,28.834,1100.000,29754172.000,0.318,,,26.750,1.980,9.717,0.000,0.000
362909,2026-07-28 14:52:41,156,20.000,29.388,30.120,991.513,182.570,28.752,1200.000,0.120,20.000,29.388,30.120,991.513,182.570,28.752,1200.000,29754172.000,0.315,,,26.750,1.984,9.710,0.000,0.000
373060,2026-07-28 14:52:51,157,20.000,29.282,30.130,991.484,182.817,28.729,1100.000,0.110,20.000,29.282,30.130,991.484,182.817,28.729,1100.000,29754172.000,0.315,,,26.750,1.979,9.717,0.000,0.000
383261,2026-07-28 14:53:02,158,20.000,29.388,30.080,991.483,182.822,28.831,1100.000,0.110,20.000,29.388,30.080,991.483,182.822,28.831,1100.000,29754172.000,0.319,,,27.000,1.971,9.726,0.000,0.000
393462,2026-07-28 14:53:12,159,20.000,29.388,30.100,991.514,182.559,28.938,1100.000,0.110,20.000,29.388,30.100,991.514,182.559,28.938,1100.000,29754172.000,0.324,,,26.750,1.965,9.733,0.000,0.000
403663,2026-07-28 14:53:22,160,20.000,29.388,30.120,991.500,182.678,28.846,1100.000,0.110,20.000,29.388,30.120,991.500,182.678,28.846,1100.000,29754172.000,0.329,,,26.750,1.960,9.733,0.000,0.000
413918,2026-07-28 14:53:32,161,20.000,29.388,30.130,991.515,182.553,28.740,1100.000,0.110,20.000,29.388,30.130,991.515,182.553,28.740,1100.000,29754172.000,0.334,,,26.750,1.959,9.732,0.000,0.000
424069,2026-07-28 14:53:42,162,20.000,29.388,30.120,991.501,182.670,28.846,1100.000,0.110,20.000,29.388,30.120,991.501,182.670,28.846,1100.000,29754172.000,0.335,,,26.750,1.965,9.724,0.000,0.000
434270,2026-07-28 14:53:53,163,20.000,29.388,30.150,991.473,182.906,28.906,1100.000,0.110,20.000,29.388,30.150,991.473,182.906,28.906,1100.000,29754172.000,0.335,,,27.000,1.970,9.717,0.000,0.000
444471,2026-07-28 14:54:03,164,20.000,29.388,30.140,991.486,182.793,28.918,1100.000,0.110,20.000,29.388,30.140,991.486,182.793,28.918,1100.000,29754174.000,0.334,,,26.750,1.971,9.711,0.000,0.000
454672,2026-07-28 14:54:13,165,20.000,29.388,30.160,991.536,182.373,29.844,1300.000,0.130,20.000,29.388,30.160,991.536,182.373,29.844,1300.000,29754174.000,0.336,,,27.000,1.973,9.709,0.000,0.000
464974,2026-07-28 14:54:23,166,20.000,29.388,30.210,991.518,182.529,29.354,1400.000,0.140,20.000,29.388,30.210,991.518,182.529,29.354,1400.000,29754174.000,0.338,,,27.000,1.968,9.714,0.000,0.000
475176,2026-07-28 14:54:33,167,20.000,29.388,30.230,991.501,182.674,29.028,1300.000,0.130,20.000,29.388,30.230,991.501,182.674,29.028,1300.000,29754174.000,0.339,,,27.000,1.963,9.721,0.000,0.000
485478,2026-07-28 14:54:44,168,20.000,29.388,30.240,991.477,182.870,28.760,1200.000,0.120,20.000,29.388,30.240,991.477,182.870,28.760,1200.000,29754174.000,0.337,,,27.000,1.957,9.730,0.000,0.000
495679,2026-07-28 14:54:54,169,20.000,29.388,30.270,991.487,182.785,28.855,1300.000,0.130,20.000,29.388,30.270,991.487,182.785,28.855,1300.000,29754174.000,0.331,,,27.250,1.958,9.739,0.000,0.000
505934,2026-07-28 14:55:04,170,20.000,29.388,30.310,991.498,182.696,29.244,1400.000,0.140,20.000,29.388,30.310,991.498,182.696,29.244,1400.000,29754176.000,0.329,,,27.000,1.969,9.737,0.000,0.000
516087,2026-07-28 14:55:14,171,20.000,29.388,30.320,991.513,182.565,29.058,1400.000,0.140,20.000,29.388,30.320,991.513,182.565,29.058,1400.000,29754176.000,0.328,,,27.000,1.972,9.738,0.000,0.000
526288,2026-07-28 14:55:25,172,20.000,29.388,30.310,991.497,182.706,28.846,1500.000,0.150,20.000,29.388,30.310,991.497,182.706,28.846,1500.000,29754176.000,0.328,,,27.000,1.969,9.741,0.000,0.000
536489,2026-07-28 14:55:35,173,20.000,29.388,30.330,991.469,182.940,28.754,1300.000,0.130,20.000,29.388,30.330,991.469,182.940,28.754,1300.000,29754176.000,0.327,,,27.000,1.962,9.746,0.000,0.000
546690,2026-07-28 14:55:45,174,20.000,29.388,30.330,991.472,182.883,28.801,1200.000,0.120,20.000,29.388,30.330,991.472,182.883,28.801,1200.000,29754176.000,0.327,,,27.000,1.956,9.748,0.000,0.000
556994,2026-07-28 14:55:55,175,20.000,29.388,30.330,991.486,182.794,28.554,1100.000,0.110,20.000,29.388,30.330,991.486,182.794,28.554,1100.000,29754176.000,0.327,,,27.000,1.953,9.747,0.000,0.000
567195,2026-07-28 14:56:05,176,20.000,29.388,30.280,991.455,183.056,28.317,1100.000,0.110,20.000,29.388,30.280,991.455,183.056,28.317,1100.000,29754176.000,0.326,,,27.000,1.949,9.743,0.000,0.000
577450,2026-07-28 14:56:16,177,20.000,29.388,30.320,991.445,183.141,28.496,1100.000,0.110,20.000,29.388,30.320,991.445,183.141,28.496,1100.000,29754176.000,0.324,,,27.000,1.949,9.740,0.000,0.000
587601,2026-07-28 14:56:26,178,20.000,29.388,30.330,991.424,183.322,28.543,1200.000,0.120,20.000,29.388,30.330,991.424,183.322,28.543,1200.000,29754176.000,0.324,,,27.000,1.943,9.742,0.000,0.000
597802,2026-07-28 14:56:36,179,20.000,29.282,30.330,991.446,183.139,28.461,1200.000,0.120,20.000,29.282,30.330,991.446,183.139,28.461,1200.000,29754176.000,0.328,,,26.750,1.942,9.733,0.000,0.000
608003,2026-07-28 14:56:46,180,20.000,29.388,30.330,991.440,183.188,28.367,1100.000,0.110,20.000,29.388,30.330,991.440,183.188,28.367,1100.000,29754176.000,0.327,,,26.750,1.947,9.718,0.000,0.000
618202,2026-07-28 14:56:56,181,20.000,29.388,30.320,991.430,183.272,28.601,1200.000,0.120,20.000,29.388,30.320,991.430,183.272,28.601,1200.000,29754176.000,0.327,,,27.000,1.947,9.714,0.000,0.000
628403,2026-07-28 14:57:07,182,20.000,29.388,30.260,991.461,183.009,28.983,1200.000,0.120,20.000,29.388,30.260,991.461,183.009,28.983,1200.000,29754176.000,0.325,,,27.000,1.940,9.717,0.000,0.000
638655,2026-07-28 14:57:17,183,20.000,29.388,30.240,991.471,182.924,28.924,1300.000,0.130,20.000,29.388,30.240,991.471,182.924,28.924,1300.000,29754176.000,0.328,,,27.000,1.940,9.711,0.000,0.000
648806,2026-07-28 14:57:27,184,20.000,29.388,30.230,991.449,183.109,28.923,1200.000,0.120,20.000,29.388,30.230,991.449,183.109,28.923,1200.000,29754176.000,0.328,,,27.000,1.946,9.701,0.000,0.000
659007,2026-07-28 14:57:37,185,20.000,29.388,30.200,991.509,182.600,29.050,1200.000,0.120,20.000,29.388,30.200,991.509,182.600,29.050,1200.000,29754176.000,0.326,,,27.000,1.949,9.695,0.000,0.000
669206,2026-07-28 14:57:47,186,20.000,29.388,30.200,991.495,182.719,29.120,1200.000,0.120,20.000,29.388,30.200,991.495,182.719,29.120,1200.000,29754176.000,0.324,,,26.750,1.945,9.702,0.000,0.000
679462,2026-07-28 14:57:58,187,20.000,29.388,30.220,991.462,183.004,29.074,1200.000,0.120,20.000,29.388,30.220,991.462,183.004,29.074,1200.000,29754176.000,0.323,,,26.750,1.949,9.702,0.000,0.000
689616,2026-07-28 14:58:08,188,20.000,29.388,30.210,991.453,183.079,29.051,1200.000,0.120,20.000,29.388,30.210,991.453,183.079,29.051,1200.000,29754178.000,0.319,,,27.000,1.947,9.702,0.000,0.000
699815,2026-07-28 14:58:18,189,20.000,29.388,30.210,991.470,182.930,28.992,1200.000,0.120,20.000,29.388,30.210,991.470,182.930,28.992,1200.000,29754178.000,0.319,,,26.750,1.940,9.706,0.000,0.000
710016,2026-07-28 14:58:28,190,20.000,29.388,30.230,991.458,183.030,29.005,1200.000,0.120,20.000,29.388,30.230,991.458,183.030,29.005,1200.000,29754178.000,0.321,,,27.000,1.939,9.700,0.000,0.000
720217,2026-07-28 14:58:38,191,20.000,29.388,30.230,991.454,183.066,28.923,1200.000,0.120,20.000,29.388,30.230,991.454,183.066,28.923,1200.000,29754178.000,0.321,,,26.750,1.944,9.692,0.000,0.000
730472,2026-07-28 14:58:49,192,20.000,29.388,30.230,991.448,183.120,28.876,1200.000,0.120,20.000,29.388,30.230,991.448,183.120,28.876,1200.000,29754178.000,0.325,,,26.750,1.951,9.688,0.000,0.000
740627,2026-07-28 14:58:59,193,20.000,29.388,30.220,991.478,182.865,28.923,1200.000,0.120,20.000,29.388,30.220,991.478,182.865,28.923,1200.000,29754178.000,0.322,,,26.750,1.955,9.680,0.000,0.000
750828,2026-07-28 14:59:09,194,20.000,29.388,30.240,991.402,183.248,28.889,1300.000,0.130,20.000,29.388,30.240,991.402,183.248,28.889,1300.000,29754180.000,0.317,,,26.750,1.952,9.684,0.000,0.000
761029,2026-07-28 14:59:19,195,20.000,29.388,30.230,991.419,183.368,29.333,1200.000,0.120,20.000,29.388,30.230,991.419,183.368,29.333,1200.000,29754180.000,0.319,,,27.000,1.944,9.692,0.000,0.000
771230,2026-07-28 14:59:30,196,20.000,29.388,30.180,991.454,183.069,29.072,1300.000,0.130,20.000,29.388,30.180,991.454,183.069,29.072,1300.000,29754180.000,0.321,,,26.750,1.942,9.689,0.000,0.000
781485,2026-07-28 14:59:40,197,20.000,29.388,30.190,991.436,183.220,29.131,1300.000,0.130,20.000,29.388,30.190,991.436,183.220,29.131,1300.000,29754180.000,0.320,,,26.750,1.933,9.694,0.000,0.000
791638,2026-07-28 14:59:50,198,20.000,29.388,30.210,991.436,183.220,29.086,1200.000,0.120,20.000,29.388,30.210,991.436,183.220,29.086,1200.000,29754180.000,0.320,,,26.750,1.930,9.691,0.000,0.000
801840,2026-07-28 15:00:00,199,20.000,29.388,30.230,991.454,183.066,29.110,1200.000,0.120,20.000,29.388,30.230,991.454,183.066,29.110,1200.000,29754180.000,0.323,,,26.750,1.931,9.685,0.000,0.000
812041,2026-07-28 15:00:10,200,20.000,29.388,30.240,991.458,183.037,29.157,1200.000,0.120,20.000,29.388,30.240,991.458,183.037,29.157,1200.000,29754180.000,0.322,,,26.750,1.940,9.677,0.000,0.000
822242,2026-07-28 15:00:21,201,20.000,29.388,30.260,991.412,183.420,29.065,1200.000,0.120,20.000,29.388,30.260,991.412,183.420,29.065,1200.000,29754180.000,0.319,,,26.750,1.947,9.670,0.000,0.000
832498,2026-07-28 15:00:31,202,20.000,29.388,30.250,991.408,183.459,29.042,1200.000,0.120,20.000,29.388,30.250,991.408,183.459,29.042,1200.000,29754180.000,0.321,,,26.750,1.937,9.677,0.000,0.000
5188,2026-07-28 15:00:35,204,20.000,29.388,30.280,991.427,183.456,29.043,1200.000,0.120,20.000,29.388,30.280,991.427,183.456,29.043,1200.000,29754180.000,0.320,,,26.750,1.939,9.681,0.000,0.000
13760,2026-07-28 15:00:43,205,20.000,29.388,30.300,991.429,183.283,28.869,1200.000,0.120,20.000,29.388,30.300,991.429,183.283,28.869,1200.000,29754180.000,0.319,,,26.750,1.940,9.674,0.000,0.000
92063,2026-07-28 15:16:03,16,20.000,29.388,30.290,991.284,184.510,28.271,1100.000,0.110,1.382,994.000,1.202,1143.200,0.068,0.000,0.000,29754196.000,0.254,,,27.000,1.655,9.441,0.000,0.000
7597,2026-07-28 15:15:50,17,20.000,29.495,30.250,991.272,184.608,28.151,1100.000,0.110,20.000,29.495,30.250,991.272,184.608,28.151,1100.000,29754196.000,0.250,,,27.000,1.650,9.424,0.000,0.000
17789,2026-07-28 15:16:23,18,20.000,29.388,30.200,991.296,184.404,28.124,1100.000,0.110,20.000,29.388,30.200,991.296,184.404,28.124,1100.000,29754196.000,0.246,,,27.000,1.647,9.397,0.000,0.000
27990,2026-07-28 15:16:33,19,20.000,29.388,30.190,991.272,184.611,27.937,1100.000,0.110,20.000,29.388,30.190,991.272,184.611,27.937,1100.000,29754196.000,0.244,,,27.000,1.635,9.367,0.000,0.000
38245,2026-07-28 15:16:43,20,20.000,29.388,30.170,991.223,185.028,28.135,1100.000,0.110,20.000,29.388,30.170,991.223,185.028,28.135,1100.000,29754196.000,0.241,,,27.000,1.611,9.354,0.000,0.000
48396,2026-07-28 15:16:54,21,20.000,29.388,30.150,991.241,184.873,28.192,1100.000,0.110,20.000,29.388,30.150,991.241,184.873,28.192,1100.000,29754196.000,0.239,,,27.000,1.597,9.331,0.000,0.000
58597,2026-07-28 15:17:04,22,20.000,29.388,30.130,991.232,184.952,28.284,1100.000,0.110,20.000,29.388,30.130,991.232,184.952,28.284,1100.000,29754196.000,0.233,,,27.000,1.588,9.305,0.000,0.000
68799,2026-07-28 15:17:14,23,20.000,29.388,30.160,991.269,184.638,28.181,1000.000,0.100,20.000,29.388,30.160,991.269,184.638,28.181,1000.000,29754196.000,0.229,,,27.000,1.574,9.284,0.000,0.000
79000,2026-07-28 15:17:24,24,20.000,29.388,30.180,991.266,184.664,28.135,1000.000,0.100,20.000,29.388,30.180,991.266,184.664,28.135,1000.000,29754196.000,0.228,,,27.000,1.557,9.274,0.000,0.000
89255,2026-07-28 15:17:34,25,20.000,29.388,30.180,991.272,184.608,28.076,1000.000,0.100,20.000,29.388,30.180,991.272,184.608,28.076,1000.000,29754196.000,0.225,,,26.750,1.545,9.259,0.000,0.000
99406,2026-07-28 15:17:45,26,20.000,29.388,30.200,991.238,184.895,28.065,1000.000,0.100,20.000,29.388,30.200,991.238,184.895,28.065,1000.000,29754196.000,0.223,,,27.000,1.542,9.241,0.000,0.000
109607,2026-07-28 15:17:55,27,20.000,29.388,30.200,991.268,184.642,27.996,1000.000,0.100,20.000,29.388,30.200,991.268,184.642,27.996,1000.000,29754196.000,0.223,,,27.000,1.538,9.223,0.000,0.000
119808,2026-07-28 15:18:05,28,20.000,29.388,30.210,991.253,184.771,27.984,1000.000,0.100,20.000,29.388,30.210,991.253,184.771,27.984,1000.000,29754198.000,0.223,,,27.000,1.525,9.214,0.000,0.000
130009,2026-07-28 15:18:15,29,20.000,29.388,30.190,991.257,184.737,28.159,1000.000,0.100,20.000,29.388,30.190,991.257,184.737,28.159,1000.000,29754198.000,0.222,,,27.000,1.509,9.215,0.000,0.000
140264,2026-07-28 15:18:25,30,20.000,29.388,30.160,991.294,184.422,28.298,1100.000,0.110,20.000,29.388,30.160,991.294,184.422,28.298,1100.000,29754198.000,0.217,,,27.000,1.504,9.200,0.000,0.000
150415,2026-07-28 15:18:36,31,20.000,29.388,30.200,991.280,184.538,28.288,1000.000,0.100,20.000,29.388,30.200,991.280,184.538,28.288,1000.000,29754198.000,0.219,,,27.000,1.502,9.188,0.000,0.000
160616,2026-07-28 15:18:46,32,20.000,29.388,30.190,991.267,184.656,28.183,1000.000,0.100,20.000,29.388,30.190,991.267,184.656,28.183,1000.000,29754198.000,0.220,,,27.000,1.498,9.191,0.000,0.000
170817,2026-07-28 15:18:56,33,20.000,29.388,30.210,991.271,184.622,28.137,1000.000,0.100,20.000,29.388,30.210,991.271,184.622,28.137,1000.000,29754198.000,0.218,,,27.000,1.493,9.198,0.000,0.000
181016,2026-07-28 15:19:06,34,20.000,29.388,30.190,991.286,184.495,28.171,1000.000,0.100,20.000,29.388,30.190,991.286,184.495,28.171,1000.000,29754200.000,0.217,,,27.000,1.505,9.191,0.000,0.000
191272,2026-07-28 15:19:16,35,20.000,29.388,30.160,991.296,184.407,28.403,1000.000,0.100,20.000,29.388,30.160,991.296,184.407,28.403,1000.000,29754200.000,0.218,,,27.000,1.499,9.192,0.000,0.000
201424,2026-07-28 15:19:27,36,20.000,29.388,30.180,991.284,184.508,28.486,1100.000,0.110,20.000,29.388,30.180,991.284,184.508,28.486,1100.000,29754200.000,0.220,,,27.000,1.497,9.204,0.000,0.000
211625,2026-07-28 15:19:37,37,20.000,29.388,30.160,991.265,184.668,28.367,1100.000,0.110,20.000,29.388,30.160,991.265,184.668,28.367,1100.000,29754200.000,0.221,,,27.000,1.504,9.211,0.000,0.000
221826,2026-07-28 15:19:47,38,20.000,29.388,30.120,991.265,184.671,28.283,1100.000,0.110,20.000,29.388,30.120,991.265,184.671,28.283,1100.000,29754200.000,0.222,,,27.000,1.515,9.206,0.000,0.000
232028,2026-07-28 15:19:57,39,20.000,29.388,30.120,991.291,184.452,28.412,1000.000,0.100,20.000,29.388,30.120,991.291,184.452,28.412,1000.000,29754200.000,0.221,,,27.000,1.525,9.200,0.000,0.000
242283,2026-07-28 15:20:07,40,20.000,29.388,30.120,991.285,184.503,28.460,1000.000,0.100,20.000,29.388,30.120,991.285,184.503,28.460,1000.000,29754200.000,0.221,,,27.000,1.521,9.199,0.000,0.000
252434,2026-07-28 15:20:18,41,20.000,29.388,30.130,991.283,184.513,28.378,1100.000,0.110,20.000,29.388,30.130,991.283,184.513,28.378,1100.000,29754200.000,0.225,,,27.000,1.517,9.205,0.000,0.000
262635,2026-07-28 15:20:28,42,20.000,29.388,30.160,991.281,184.530,29.328,1100.000,0.110,20.000,29.388,30.160,991.281,184.530,29.328,1100.000,29754200.000,0.227,,,27.000,1.517,9.209,0.000,0.000
272836,2026-07-28 15:20:38,43,20.000,29.388,30.220,991.289,184.468,28.935,1300.000,0.130,20.000,29.388,30.220,991.289,184.468,28.935,1300.000,29754200.000,0.229,,,27.000,1.516,9.216,0.000,0.000
283037,2026-07-28 15:20:48,44,20.000,29.388,30.250,991.323,184.181,28.771,1300.000,0.130,20.000,29.388,30.250,991.323,184.181,28.771,1300.000,29754200.000,0.232,,,27.000,1.516,9.222,0.000,0.000
293293,2026-07-28 15:20:58,45,20.000,29.388,30.290,991.296,184.404,28.481,1300.000,0.130,20.000,29.388,30.290,991.296,184.404,28.481,1300.000,29754200.000,0.230,,,27.000,1.512,9.234,0.000,0.000
303445,2026-07-28 15:21:09,46,20.000,29.388,30.290,991.297,184.401,28.153,1200.000,0.120,20.000,29.388,30.290,991.297,184.401,28.153,1200.000,29754200.000,0.231,,,27.000,1.512,9.244,0.000,0.000
313646,2026-07-28 15:21:19,47,20.000,29.388,30.300,991.282,184.529,27.990,1100.000,0.110,20.000,29.388,30.300,991.282,184.529,27.990,1100.000,29754200.000,0.233,,,27.000,1.510,9.247,0.000,0.000
323847,2026-07-28 15:21:29,48,20.000,29.388,30.320,991.312,184.271,27.840,1100.000,0.110,20.000,29.388,30.320,991.312,184.271,27.840,1100.000,29754200.000,0.232,,,27.000,1.508,9.244,0.000,0.000
334048,2026-07-28 15:21:39,49,20.000,29.388,30.340,991.292,184.440,28.074,1100.000,0.110,20.000,29.388,30.340,991.292,184.440,28.074,1100.000,29754200.000,0.234,,,27.000,1.515,9.235,0.000,0.000
344303,2026-07-28 15:21:49,50,20.000,29.388,30.290,991.322,184.187,28.224,1200.000,0.120,20.000,29.388,30.290,991.322,184.187,28.224,1200.000,29754200.000,0.232,,,27.000,1.510,9.230,0.000,0.000
354454,2026-07-28 15:22:00,51,20.000,29.388,30.270,991.265,184.668,28.293,1200.000,0.120,20.000,29.388,30.270,991.265,184.668,28.293,1200.000,29754202.000,0.229,,,27.000,1.522,9.221,0.000,0.000
364655,2026-07-28 15:22:10,52,20.000,29.388,30.270,991.299,184.385,28.305,1100.000,0.110,20.000,29.388,30.270,991.299,184.385,28.305,1100.000,29754202.000,0.227,,,27.000,1.525,9.224,0.000,0.000
374856,2026-07-28 15:22:20,53,20.000,29.388,30.320,991.332,184.105,28.366,1100.000,0.110,20.000,29.388,30.320,991.332,184.105,28.366,1100.000,29754202.000,0.228,,,27.250,1.521,9.232,0.000,0.000
385057,2026-07-28 15:22:30,54,20.000,29.388,30.350,991.273,184.598,28.181,1200.000,0.120,20.000,29.388,30.350,991.273,184.598,28.181,1200.000,29754202.000,0.227,,,27.000,1.527,9.224,0.000,0.000
395313,2026-07-28 15:22:40,55,20.000,29.388,30.350,991.275,184.587,28.251,1100.000,0.110,20.000,29.388,30.350,991.275,184.587,28.251,1100.000,29754202.000,0.226,,,27.000,1.528,9.215,0.000,0.000
405466,2026-07-28 15:22:51,56,20.000,29.495,30.350,991.269,184.639,28.181,1100.000,0.110,20.000,29.495,30.350,991.269,184.639,28.181,1100.000,29754202.000,0.225,,,27.000,1.530,9.220,0.000,0.000
415667,2026-07-28 15:23:01,57,20.000,29.388,30.350,991.244,184.848,28.099,1100.000,0.110,20.000,29.388,30.350,991.244,184.848,28.099,1100.000,29754204.000,0.229,,,27.250,1.526,9.221,0.000,0.000
425868,2026-07-28 15:23:11,58,20.000,29.388,30.360,991.236,184.917,27.864,1000.000,0.100,20.000,29.388,30.360,991.236,184.917,27.864,1000.000,29754204.000,0.228,,,27.250,1.532,9.211,0.000,0.000
436067,2026-07-28 15:23:21,59,20.000,29.388,30.350,991.234,184.929,27.700,1000.000,0.100,20.000,29.388,30.350,991.234,184.929,27.700,1000.000,29754204.000,0.227,,,27.000,1.526,9.217,0.000,0.000
446323,2026-07-28 15:23:31,60,20.000,29.388,30.340,991.292,184.439,27.653,1000.000,0.100,20.000,29.388,30.340,991.292,184.439,27.653,1000.000,29754204.000,0.225,,,27.250,1.518,9.221,0.000,0.000
456477,2026-07-28 15:23:42,61,20.000,29.388,30.370,991.211,185.126,27.654,1000.000,0.100,20.000,29.388,30.370,991.211,185.126,27.654,1000.000,29754204.000,0.228,,,27.250,1.522,9.209,0.000,0.000
466678,2026-07-28 15:23:52,62,20.000,29.388,30.350,991.255,184.750,27.688,1000.000,0.100,20.000,29.388,30.350,991.255,184.750,27.688,1000.000,29754204.000,0.229,,,27.250,1.530,9.201,0.000,0.000
476879,2026-07-28 15:24:02,63,20.000,29.388,30.340,991.273,184.599,27.899,1000.000,0.100,20.000,29.388,30.340,991.273,184.599,27.899,1000.000,29754204.000,0.232,,,27.250,1.527,9.206,0.000,0.000
487080,2026-07-28 15:24:12,64,20.000,29.388,30.350,991.269,184.639,27.829,1000.000,0.100,20.000,29.388,30.350,991.269,184.639,27.829,1000.000,29754204.000,0.235,,,27.250,1.526,9.204,0.000,0.000
497336,2026-07-28 15:24:23,65,20.000,29.388,30.380,991.263,184.683,27.761,1000.000,0.100,20.000,29.388,30.380,991.263,184.683,27.761,1000.000,29754204.000,0.235,,,27.250,1.520,9.199,0.000,0.000
507488,2026-07-28 15:24:33,66,20.000,29.388,30.370,991.230,184.967,27.572,1000.000,0.100,20.000,29.388,30.370,991.230,184.967,27.572,1000.000,29754204.000,0.234,,,27.250,1.529,9.189,0.000,0.000
517689,2026-07-28 15:24:43,67,20.000,29.388,30.380,991.276,184.576,28.205,1000.000,0.100,20.000,29.388,30.380,991.276,184.576,28.205,1000.000,29754204.000,0.233,,,27.250,1.524,9.199,0.000,0.000
527890,2026-07-28 15:24:53,68,20.000,29.388,30.410,991.247,184.824,28.009,1100.000,0.110,20.000,29.388,30.410,991.247,184.824,28.009,1100.000,29754204.000,0.235,,,27.250,1.525,9.198,0.000,0.000
538091,2026-07-28 15:25:03,69,20.000,29.388,30.420,991.243,184.856,27.915,1000.000,0.100,20.000,29.388,30.420,991.243,184.856,27.915,1000.000,29754204.000,0.235,,,27.250,1.536,9.192,0.000,0.000
548347,2026-07-28 15:25:14,70,20.000,29.388,30.400,991.227,184.995,27.586,1000.000,0.100,20.000,29.388,30.400,991.227,184.995,27.586,1000.000,29754204.000,0.231,,,27.250,1.538,9.187,0.000,0.000
558500,2026-07-28 15:25:24,71,20.000,29.388,30.390,991.241,184.875,27.258,1000.000,0.100,20.000,29.388,30.390,991.241,184.875,27.258,1000.000,29754204.000,0.230,,,27.250,1.536,9.200,0.000,0.000
568701,2026-07-28 15:25:34,72,20.000,29.388,30.410,991.216,185.084,27.493,1000.000,0.100,20.000,29.388,30.410,991.216,185.084,27.493,1000.000,29754204.000,0.233,,,27.500,1.534,9.198,0.000,0.000
578902,2026-07-28 15:25:44,73,20.000,29.388,30.410,991.234,184.932,27.176,1000.000,0.100,20.000,29.388,30.410,991.234,184.932,27.176,1000.000,29754204.000,0.234,,,27.250,1.542,9.188,0.000,0.000
589103,2026-07-28 15:25:54,74,20.000,29.388,30.420,991.245,184.792,28.337,1200.000,0.120,20.000,29.388,30.420,991.245,184.792,28.337,1200.000,29754204.000,0.236,,,27.250,1.541,9.196,0.000,0.000
599358,2026-07-28 15:26:05,75,20.000,29.388,30.410,991.233,184.938,28.161,1300.000,0.130,20.000,29.388,30.410,991.233,184.938,28.161,1300.000,29754206.000,0.233,,,27.250,1.536,9.203,0.000,0.000
40217,2026-07-28 15:26:56,80,20.000,29.388,30.440,991.237,184.903,27.647,1000.000,0.100,1.404,1237.000,1.495,1161.406,0.076,0.000,0.000,29754206.000,0.229,,,27.250,1.547,9.183,0.000,0.000
50468,2026-07-28 15:27:06,81,20.000,29.388,30.430,991.248,184.812,27.576,1000.000,0.100,1.416,1210.000,1.463,1171.125,0.076,0.000,0.000,29754208.000,0.227,,,27.250,1.553,9.177,0.000,0.000
60619,2026-07-28 15:27:16,82,20.000,29.388,30.430,991.245,184.835,27.564,1000.000,0.100,1.407,1135.000,1.372,1163.900,0.073,0.000,0.000,29754208.000,0.227,,,27.250,1.549,9.186,0.000,0.000
70870,2026-07-28 15:27:26,83,20.000,29.388,30.480,991.250,184.794,27.356,1000.000,0.100,1.361,973.000,1.176,1125.720,0.073,0.000,0.000,29754208.000,0.230,,,27.250,1.552,9.182,0.000,0.000
81021,2026-07-28 15:27:36,84,20.000,29.388,30.460,991.255,184.752,27.354,1000.000,0.100,1.314,933.000,1.128,1087.176,0.076,0.000,0.000,29754208.000,0.232,,,27.250,1.558,9.174,0.000,0.000
91276,2026-07-28 15:27:46,85,20.000,29.388,30.470,991.259,184.721,27.273,1000.000,0.100,1.279,942.000,1.139,1058.141,0.076,0.000,0.000,29754208.000,0.232,,,27.250,1.558,9.166,0.000,0.000
101431,2026-07-28 15:27:57,86,20.000,29.282,30.460,991.237,184.908,27.273,1000.000,0.100,1.260,980.000,1.185,1042.513,0.073,0.000,0.000,29754208.000,0.232,,,27.500,1.563,9.161,0.000,0.000
111632,2026-07-28 15:28:07,87,20.000,29.282,30.460,991.218,185.068,27.145,1000.000,0.100,1.240,958.000,1.158,1025.610,0.076,0.000,0.000,29754208.000,0.232,,,27.250,1.562,9.166,0.000,0.000
121883,2026-07-28 15:28:17,88,20.000,29.388,30.460,991.237,184.908,27.145,1000.000,0.100,1.293,1244.000,1.504,1069.288,0.073,0.000,0.000,29754208.000,0.230,,,27.500,1.558,9.172,0.000,0.000
132034,2026-07-28 15:28:27,89,20.000,29.388,30.450,991.213,185.060,27.214,1000.000,0.100,1.337,1252.000,1.513,1105.831,0.073,0.000,0.000,29754208.000,0.230,,,27.250,1.553,9.173,0.000,0.000
142289,2026-07-28 15:28:37,90,20.000,29.388,30.470,991.228,184.985,27.156,1000.000,0.100,1.327,1066.000,1.289,1097.865,0.073,0.000,0.000,29754208.000,0.226,,,27.500,1.549,9.169,0.000,0.000
152445,2026-07-28 15:28:48,91,20.000,29.388,30.490,991.232,184.945,27.087,1000.000,0.100,1.307,1016.000,1.228,1081.492,0.073,0.000,0.000,29754208.000,0.228,,,27.500,1.546,9.171,0.000,0.000
162696,2026-07-28 15:28:58,92,20.000,29.388,30.500,991.247,184.825,27.674,1000.000,0.100,1.347,1244.000,1.504,1113.993,0.071,0.000,0.000,29754208.000,0.228,,,27.500,1.542,9.174,0.000,0.000
172847,2026-07-28 15:29:08,93,20.000,29.388,30.480,991.205,185.175,27.603,1100.000,0.110,1.322,1013.000,1.225,1093.795,0.076,0.000,0.000,29754208.000,0.231,,,27.500,1.541,9.177,0.000,0.000
183048,2026-07-28 15:29:18,94,20.000,29.388,30.460,991.226,184.997,27.801,1100.000,0.110,1.342,1175.000,1.420,1110.036,0.073,0.000,0.000,29754208.000,0.233,,,27.500,1.542,9.172,0.000,0.000
193302,2026-07-28 15:29:28,95,20.000,29.388,30.420,991.232,184.952,27.916,1100.000,0.110,1.313,990.000,1.197,1086.029,0.081,0.000,0.000,29754208.000,0.234,,,27.250,1.535,9.177,0.000,0.000
203458,2026-07-28 15:29:39,96,20.000,29.388,30.410,991.225,185.006,27.716,1000.000,0.100,1.347,1229.000,1.486,1114.623,0.076,0.000,0.000,29754208.000,0.234,,,27.250,1.533,9.179,0.000,0.000
213709,2026-07-28 15:29:49,97,20.000,29.388,30.420,991.232,184.952,27.846,1100.000,0.110,1.307,946.000,1.144,1080.898,0.071,0.000,0.000,29754208.000,0.235,,,27.250,1.530,9.180,0.000,0.000
223860,2026-07-28 15:29:59,98,20.000,29.388,30.380,991.225,185.010,27.901,1000.000,0.100,1.271,933.000,1.128,1051.319,0.073,0.000,0.000,29754208.000,0.236,,,27.250,1.529,9.183,0.000,0.000
234061,2026-07-28 15:30:09,99,20.000,29.388,30.340,991.264,184.678,27.876,1000.000,0.100,1.242,932.000,1.127,1027.455,0.073,0.000,0.000,29754210.000,0.235,,,27.500,1.532,9.178,0.000,0.000
244315,2026-07-28 15:30:20,100,20.000,29.282,30.390,991.216,185.088,27.844,1000.000,0.100,1.292,1234.000,1.492,1068.764,0.081,0.000,0.000,29754210.000,0.233,,,27.250,1.527,9.177,0.000,0.000
254469,2026-07-28 15:30:30,101,20.000,29.388,30.410,991.201,185.211,27.786,1000.000,0.100,1.257,923.000,1.116,1039.611,0.071,0.000,0.000,29754210.000,0.233,,,27.250,1.533,9.173,0.000,0.000
264720,2026-07-28 15:30:40,102,20.000,29.388,30.430,991.245,184.839,28.033,1000.000,0.100,1.259,1049.000,1.268,1041.489,0.076,0.000,0.000,29754210.000,0.232,,,27.500,1.537,9.163,0.000,0.000
274871,2026-07-28 15:30:50,103,20.000,29.388,30.420,991.236,184.912,27.915,1000.000,0.100,1.307,1242.000,1.501,1081.591,0.071,0.000,0.000,29754210.000,0.231,,,27.250,1.533,9.166,0.000,0.000
285072,2026-07-28 15:31:00,104,20.000,29.282,30.410,991.237,184.905,27.821,1000.000,0.100,1.309,1089.000,1.316,1083.073,0.076,0.000,0.000,29754212.000,0.228,,,27.500,1.540,9.155,0.000,0.000
295326,2026-07-28 15:31:11,105,20.000,29.388,30.420,991.241,184.876,27.846,1000.000,0.100,1.310,1088.000,1.315,1084.058,0.081,0.000,0.000,29754212.000,0.226,,,27.500,1.532,9.155,0.000,0.000
305480,2026-07-28 15:31:21,106,20.000,29.282,30.430,991.261,184.704,27.857,1000.000,0.100,1.269,912.000,1.102,1049.647,0.073,0.000,0.000,29754212.000,0.228,,,27.250,1.538,9.148,0.000,0.000
315732,2026-07-28 15:31:31,107,20.000,29.388,30.410,991.242,184.868,27.704,1000.000,0.100,1.311,1225.000,1.481,1084.717,0.076,0.000,0.000,29754212.000,0.229,,,27.500,1.537,9.146,0.000,0.000
325883,2026-07-28 15:31:41,108,20.000,29.282,30.420,991.242,184.863,27.799,1000.000,0.100,1.338,1197.000,1.447,1107.174,0.076,0.000,0.000,29754212.000,0.226,,,27.250,1.536,9.150,0.000,0.000
336084,2026-07-28 15:31:51,109,20.000,29.388,30.420,991.249,184.802,27.857,1000.000,0.100,1.366,1220.000,1.475,1129.739,0.076,0.000,0.000,29754212.000,0.227,,,27.500,1.542,9.142,0.000,0.000
346339,2026-07-28 15:32:02,110,20.000,29.282,30.430,991.263,184.685,27.635,1000.000,0.100,1.382,1198.000,1.448,1143.391,0.076,0.000,0.000,29754212.000,0.226,,,27.250,1.539,9.139,0.000,0.000
356492,2026-07-28 15:32:12,111,20.000,29.282,30.460,991.247,184.819,27.684,1000.000,0.100,1.389,1171.000,1.415,1148.913,0.078,0.000,0.000,29754212.000,0.228,,,27.250,1.542,9.132,0.000,0.000
366743,2026-07-28 15:32:22,112,20.000,29.282,30.460,991.247,184.819,27.613,1000.000,0.100,1.398,1186.000,1.434,1156.331,0.078,0.000,0.000,29754212.000,0.230,,,27.500,1.537,9.133,0.000,0.000
376894,2026-07-28 15:32:32,113,20.000,29.282,30.440,991.240,184.882,27.553,1000.000,0.100,1.414,1222.000,1.477,1169.464,0.078,0.000,0.000,29754212.000,0.230,,,27.250,1.534,9.136,0.000,0.000
387145,2026-07-28 15:32:42,114,20.000,29.282,30.430,991.275,184.586,27.564,1000.000,0.100,1.364,964.000,1.165,1128.372,0.076,0.000,0.000,29754212.000,0.229,,,27.250,1.536,9.133,0.000,0.000
397304,2026-07-28 15:32:53,115,20.000,29.282,30.420,991.236,184.916,27.704,1000.000,0.100,1.367,1139.000,1.377,1130.497,0.081,0.000,0.000,29754212.000,0.229,,,27.500,1.528,9.133,0.000,0.000
407505,2026-07-28 15:33:03,116,20.000,29.282,30.450,991.261,184.706,27.753,1000.000,0.100,1.390,1229.000,1.486,1150.198,0.078,0.000,0.000,29754212.000,0.226,,,27.500,1.526,9.138,0.000,0.000
417704,2026-07-28 15:33:13,117,20.000,29.282,30.430,991.266,184.664,27.670,1000.000,0.100,1.336,925.000,1.118,1105.158,0.073,0.000,0.000,29754212.000,0.227,,,27.500,1.526,9.141,0.000,0.000
427905,2026-07-28 15:33:23,118,20.000,29.175,30.420,991.250,184.971,27.657,1000.000,0.100,1.303,971.000,1.174,1078.327,0.088,0.000,0.000,29754212.000,0.228,,,27.500,1.534,9.132,0.000,0.000
438156,2026-07-28 15:33:33,119,20.000,29.282,30.430,991.216,185.088,27.893,1000.000,0.100,1.274,956.000,1.156,1053.861,0.081,0.000,0.000,29754212.000,0.232,,,27.500,1.537,9.125,0.000,0.000
9782,2026-07-28 15:33:28,121,20.000,29.282,30.450,991.237,184.905,27.766,1000.000,0.100,20.000,29.282,30.450,991.237,184.905,27.766,1000.000,29754212.000,0.231,,,27.500,1.543,9.116,0.000,0.000
19979,2026-07-28 15:34:04,122,20.000,29.282,30.460,991.247,184.819,28.867,1100.000,0.110,20.000,29.282,30.460,991.247,184.819,28.867,1100.000,29754214.000,0.236,,,27.500,1.542,9.111,0.000,0.000
30180,2026-07-28 15:34:14,123,20.000,29.175,30.450,991.276,184.578,27.836,1200.000,0.120,20.000,29.175,30.450,991.276,184.578,27.836,1200.000,29754214.000,0.238,,,27.500,1.534,9.114,0.000,0.000
1871,2026-07-28 15:33:59,124,20.000,29.282,30.390,991.235,184.920,27.703,1100.000,0.110,20.000,29.282,30.390,991.235,184.920,27.703,1100.000,29754212.000,0.239,,,27.500,1.529,9.124,0.000,0.000
12124,2026-07-28 15:34:09,125,20.000,29.175,30.390,991.219,185.057,27.879,1100.000,0.110,20.000,29.175,30.390,991.219,185.057,27.879,1100.000,29754214.000,0.238,,,27.500,1.526,9.120,0.000,0.000
22275,2026-07-28 15:34:45,126,20.000,29.282,30.380,991.271,184.621,28.322,1100.000,0.110,20.000,29.282,30.380,991.271,184.621,28.322,1100.000,29754214.000,0.239,,,27.750,1.524,9.129,0.000,0.000
32477,2026-07-28 15:34:55,127,20.000,29.282,30.380,991.211,185.129,27.972,1200.000,0.120,20.000,29.282,30.380,991.211,185.129,27.972,1200.000,29754214.000,0.236,,,30.250,1.524,9.135,0.000,0.000
1270,2026-07-28 15:34:39,128,20.000,29.282,30.360,991.243,184.853,27.842,1100.000,0.110,20.000,29.282,30.360,991.243,184.853,27.842,1100.000,29754214.000,0.233,,,30.000,1.526,9.134,0.000,0.000
11275,2026-07-28 15:34:49,129,20.000,29.282,30.350,991.236,184.919,27.817,1000.000,0.100,20.000,29.282,30.350,991.236,184.919,27.817,1000.000,29754214.000,0.230,,,29.750,1.527,9.138,0.000,0.000
21531,2026-07-28 15:35:26,130,20.000,29.175,30.380,991.271,184.621,27.842,1000.000,0.100,20.000,29.175,30.380,991.271,184.621,27.842,1000.000,29754216.000,0.231,,,29.750,1.529,9.131,0.000,0.000
31685,2026-07-28 15:35:36,131,20.000,29.175,30.360,991.227,184.991,27.630,1000.000,0.100,20.000,29.175,30.360,991.227,184.991,27.630,1000.000,29754216.000,0.228,,,29.750,1.535,9.125,0.000,0.000
6381,NO_TIME,132,20.000,29.175,30.360,991.224,185.021,27.571,1100.000,0.110,20.000,29.175,30.360,991.224,185.021,27.571,1100.000,0.000,0.228,,,29.500,1.532,9.128,0.000,0.000
11994,NO_TIME,133,20.000,29.175,30.380,991.270,184.623,27.361,1000.000,0.100,20.000,29.175,30.380,991.270,184.623,27.361,1000.000,0.000,0.228,,,29.250,1.526,9.130,0.000,0.000
22195,2026-07-28 15:36:06,134,20.000,29.175,30.390,991.259,184.724,27.374,1100.000,0.110,20.000,29.175,30.390,991.259,184.724,27.374,1100.000,29754216.000,0.231,,,29.250,1.522,9.128,0.000,0.000
32450,2026-07-28 15:36:17,135,20.000,29.175,30.360,991.270,184.626,27.385,1000.000,0.100,20.000,29.175,30.360,991.270,184.626,27.385,1000.000,29754216.000,0.230,,,29.000,1.519,9.122,0.000,0.000
5314,2026-07-28 15:36:26,136,20.000,29.175,30.350,991.183,185.361,27.419,1000.000,0.100,20.000,29.175,30.350,991.183,185.361,27.419,1000.000,29754216.000,0.229,,,29.000,1.518,9.122,0.000,0.000
15515,2026-07-28 15:36:37,137,20.000,29.175,30.370,991.181,185.383,27.432,1000.000,0.100,20.000,29.175,30.370,991.181,185.383,27.432,1000.000,29754216.000,0.228,,,29.500,1.522,9.116,0.000,0.000
25716,2026-07-28 15:36:47,138,20.000,29.175,30.350,991.196,185.252,27.384,1000.000,0.100,20.000,29.175,30.350,991.196,185.252,27.384,1000.000,29754216.000,0.229,,,29.250,1.527,9.104,0.000,0.000
35917,2026-07-28 15:36:57,139,20.000,29.175,30.360,991.208,185.151,27.396,1000.000,0.100,20.000,29.175,30.360,991.208,185.151,27.396,1000.000,29754216.000,0.229,,,29.250,1.529,9.095,0.000,0.000
46173,2026-07-28 15:37:08,140,20.000,29.175,30.360,991.216,185.085,27.442,1000.000,0.100,20.000,29.175,30.360,991.216,185.085,27.442,1000.000,29754216.000,0.226,,,29.250,1.520,9.099,0.000,0.000
56327,2026-07-28 15:37:18,141,20.000,29.175,30.340,991.254,184.766,27.302,1000.000,0.100,20.000,29.175,30.340,991.254,184.766,27.302,1000.000,29754216.000,0.227,,,29.000,1.519,9.099,0.000,0.000
66528,2026-07-28 15:37:28,142,20.000,29.175,30.340,991.230,184.966,27.359,1000.000,0.100,20.000,29.175,30.340,991.230,184.966,27.359,1000.000,29754216.000,0.230,,,29.000,1.517,9.100,0.000,0.000
76729,2026-07-28 15:37:38,143,20.000,29.175,30.320,991.224,185.020,27.359,1000.000,0.100,20.000,29.175,30.320,991.224,185.020,27.359,1000.000,29754216.000,0.229,,,29.000,1.514,9.100,0.000,0.000
86930,2026-07-28 15:37:48,144,20.000,29.175,30.290,991.248,184.816,27.380,1000.000,0.100,20.000,29.175,30.290,991.248,184.816,27.380,1000.000,29754216.000,0.230,,,29.000,1.514,9.093,0.000,0.000
97186,2026-07-28 15:37:59,145,20.000,29.175,30.320,991.214,185.105,27.430,1000.000,0.100,20.000,29.175,30.320,991.214,185.105,27.430,1000.000,29754216.000,0.229,,,28.750,1.506,9.094,0.000,0.000
107338,2026-07-28 15:38:09,146,20.000,29.175,30.350,991.184,185.354,27.501,1000.000,0.100,20.000,29.175,30.350,991.184,185.354,27.501,1000.000,29754218.000,0.229,,,28.750,1.504,9.094,0.000,0.000
117539,2026-07-28 15:38:19,147,20.000,29.175,30.360,991.162,185.378,27.596,1000.000,0.100,20.000,29.175,30.360,991.162,185.378,27.596,1000.000,29754218.000,0.228,,,28.750,1.503,9.092,0.000,0.000
127740,2026-07-28 15:38:29,148,20.000,29.175,30.390,991.197,185.246,27.516,1000.000,0.100,20.000,29.175,30.390,991.197,185.246,27.516,1000.000,29754218.000,0.231,,,28.750,1.504,9.085,0.000,0.000
137942,2026-07-28 15:38:39,149,20.000,29.175,30.380,991.207,185.159,27.573,1000.000,0.100,20.000,29.175,30.380,991.207,185.159,27.573,1000.000,29754218.000,0.230,,,28.500,1.506,9.077,0.000,0.000
148197,2026-07-28 15:38:50,150,20.000,29.175,30.360,991.192,185.285,27.549,900.000,0.090,20.000,29.175,30.360,991.192,185.285,27.549,900.000,29754218.000,0.230,,,28.500,1.501,9.078,0.000,0.000
158352,2026-07-28 15:39:00,151,20.000,29.175,30.370,991.203,185.194,27.596,1000.000,0.100,20.000,29.175,30.370,991.203,185.194,27.596,1000.000,29754220.000,0.230,,,28.500,1.504,9.071,0.000,0.000
168553,2026-07-28 15:39:10,152,20.000,29.175,30.380,991.163,185.531,27.562,1000.000,0.100,20.000,29.175,30.380,991.163,185.531,27.562,1000.000,29754220.000,0.226,,,28.500,1.512,9.065,0.000,0.000
178754,2026-07-28 15:39:20,153,20.000,29.175,30.380,991.149,185.655,27.491,1000.000,0.100,20.000,29.175,30.380,991.149,185.655,27.491,1000.000,29754220.000,0.225,,,28.500,1.512,9.066,0.000,0.000
188955,2026-07-28 15:39:31,154,20.000,29.175,30.400,991.173,185.450,27.410,1000.000,0.100,20.000,29.175,30.400,991.173,185.450,27.410,1000.000,29754220.000,0.227,,,28.500,1.511,9.065,0.000,0.000
199211,2026-07-28 15:39:41,155,20.000,29.175,30.380,991.171,185.465,27.350,1000.000,0.100,20.000,29.175,30.380,991.171,185.465,27.350,1000.000,29754220.000,0.227,,,28.500,1.504,9.066,0.000,0.000
209363,2026-07-28 15:39:51,156,20.000,29.175,30.380,991.179,185.394,27.467,1000.000,0.100,20.000,29.175,30.380,991.179,185.394,27.467,1000.000,29754220.000,0.228,,,28.500,1.504,9.060,0.000,0.000
219564,2026-07-28 15:40:01,157,20.000,29.175,30.360,991.139,185.735,27.372,1000.000,0.100,20.000,29.175,30.360,991.139,185.735,27.372,1000.000,29754220.000,0.226,,,28.500,1.510,9.050,0.000,0.000
7268,2026-07-28 15:40:10,158,20.000,29.175,30.370,991.140,185.726,27.303,1000.000,0.100,20.000,29.175,30.370,991.140,185.726,27.303,1000.000,29754220.000,0.223,,,28.500,1.517,9.043,0.000,0.000
17432,2026-07-28 15:40:22,159,20.000,29.175,30.370,991.121,185.887,27.232,1000.000,0.100,20.000,29.175,30.370,991.121,185.887,27.232,1000.000,29754220.000,0.224,,,28.250,1.512,9.050,0.000,0.000
27688,2026-07-28 15:40:32,160,20.000,29.175,30.340,991.118,185.914,27.301,1000.000,0.100,20.000,29.175,30.340,991.118,185.914,27.301,1000.000,29754220.000,0.221,,,28.250,1.510,9.050,0.000,0.000
37842,2026-07-28 15:40:42,161,20.000,29.175,30.380,991.144,185.677,27.326,1000.000,0.100,20.000,29.175,30.380,991.144,185.677,27.326,1000.000,29754220.000,0.221,,,28.250,1.503,9.054,0.000,0.000
48043,2026-07-28 15:40:52,162,20.000,29.175,30.390,991.138,185.742,27.292,900.000,0.090,20.000,29.175,30.390,991.138,185.742,27.292,900.000,29754220.000,0.223,,,28.250,1.501,9.050,0.000,0.000
58244,2026-07-28 15:41:02,163,20.000,29.175,30.370,991.135,185.771,27.432,1000.000,0.100,20.000,29.175,30.370,991.135,185.771,27.432,1000.000,29754220.000,0.225,,,28.500,1.504,9.041,0.000,0.000
31209,2026-07-28 15:41:32,164,20.000,29.175,30.380,991.151,185.639,27.397,1000.000,0.100,20.000,29.175,30.380,991.151,185.639,27.397,1000.000,29754220.000,0.225,,,28.250,1.507,9.038,0.000,0.000
31265,2026-07-28 15:41:32,165,20.000,29.175,30.380,991.113,185.960,27.186,1000.000,0.100,20.000,29.175,30.380,991.113,185.960,27.186,1000.000,29754220.000,0.224,,,28.250,1.505,9.032,0.000,0.000
31323,2026-07-28 15:41:32,166,20.000,29.175,30.400,991.155,185.599,27.258,1000.000,0.100,20.000,29.175,30.400,991.155,185.599,27.258,1000.000,29754220.000,0.226,,,28.250,1.502,9.035,0.000,0.000
39781,2026-07-28 15:41:40,167,20.000,29.175,30.410,991.153,185.616,27.610,1000.000,0.100,20.000,29.175,30.410,991.153,185.616,27.610,1000.000,29754220.000,0.225,,,28.250,1.507,9.026,0.000,0.000
49982,2026-07-28 15:41:53,168,20.000,29.175,30.400,991.157,185.588,27.773,1000.000,0.100,20.000,29.175,30.400,991.157,185.588,27.773,1000.000,29754220.000,0.222,,,28.250,1.507,9.028,0.000,0.000
